customer_id,full_name,email,tier,country,updated_at
C0009,Liam Wilson,liam.wilson9@example.com,Platinum,US,
C0129,Mason Kapoor,mason.kapoor129@example.com,Bronze,US,2026-07-08T22:58:09Z
C0088,Farah Johnson,farah.johnson88@example.com,Silver,IN,2026-06-03T23:53:08Z
C0025,Mei Reddy,mei.reddy25@example.com,Gold,GB,2026-08-12T11:14:23Z
C0047,Lukas Sharma,lukas.sharma47@example.com,Silver,DE,2026-01-24T10:46:28Z
C0120,Arjun Iyer,arjun.iyer120.work@example.org,Silver,IN,2026-09-07T21:18:16Z
C0062,Oliver Johnson,oliver.johnson62@example.com,Gold,IN,2026-09-22T14:00:19Z
C0006,Zara Mueller,zara.mueller6@example.com,Silver,US,2026-07-28T10:35:41Z
C0069,George Tan,george.tan69@example.com,Platinum,US,2026-06-26T09:53:31Z
C0096,Aarav Weber,aarav.weber96@example.com,Bronze,GB,2026-08-18T01:15:45Z
C0048,Sofia Tan,sofia.tan48@example.com,Bronze,IN,2026-07-18T07:24:50Z
C0080,Jonas Gupta,jonas.gupta80@example.com,Silver,US,2026-09-18T06:06:51Z
C0071,Vikram Mehta,vikram.mehta71@example.com,Gold,US,2026-09-25T15:30:07Z
C0114,Jun Lim,jun.lim114@example.com,Bronze,DE,2026-03-29T15:58:39Z
C0128,Arjun Lee,arjun.lee128@example.com,Platinum,DE,2026-06-20T13:26:20Z
C0051,Lukas Smith,lukas.smith51@example.com,Bronze,GB,2026-07-23T01:30:35Z
C0103,Jun Taylor,jun.taylor103@example.com,Silver,IN,2026-01-22T20:04:21Z
C0002,Li Patel,li.patel2@example.com,Gold,IN,2026-07-29T21:49:19Z
C0027,Li Mehta,li.mehta27.work@example.org,Platinum,IN,2026-09-13T02:47:54Z
C0092,Hannah Johnson,hannah.johnson92.work@example.org,Bronze,US,2026-09-06T13:15:59Z
C0119,Mei Weber,mei.weber119@example.com,Gold,IN,2026-08-16T03:57:12Z
C0124,Jun Clark,jun.clark124@example.com,Bronze,US,2026-03-22T19:48:23Z
C0072,Olivia Singh,olivia.singh72.work@example.org,Bronze,GB,2026-09-16T12:16:28Z
C0064,Kai Chua,kai.chua64@example.com,Platinum,GB,2026-05-31T19:45:54Z
C0023,Lena Sharma,lena.sharma23.work@example.org,Bronze,IN,2026-09-23T06:47:21Z
C0057,George Fischer,george.fischer57@example.com,Bronze,US,2026-02-10T09:04:45Z
C0072,Olivia Singh,olivia.singh72@example.com,Bronze,GB,2026-03-14T19:28:11Z
C0018,Wei Mehta,wei.mehta18@example.com,Bronze,IN,2026-05-14T20:24:10Z
C0041,Sofia Lee,sofia.lee41@example.com,Silver,US,2026-02-15T04:22:43Z
C0084,Lucas Smith,lucas.smith84.work@example.org,Bronze,SG,2026-09-25T21:24:07Z
C0060,Lena Walker,lena.walker60@example.com,Silver,US,2026-02-15T11:58:54Z
C0104,Zara Chua,zara.chua104@example.com,Bronze,IN,2026-05-26T07:32:26Z
C0102,Noah Tan,noah.tan102@example.com,Bronze,SG,2026-03-02T00:49:03Z
C0020,Jonas Bose,jonas.bose20@example.com,Bronze,IN,2026-03-21T23:32:44Z
C0070,Ethan Chua,ethan.chua70@example.com,Silver,DE,2026-06-11T22:40:41Z
C0046,Hannah Patel,hannah.patel46@example.com,Silver,US,2026-02-27T06:55:02Z
C0004,Zara Tan,zara.tan4.work@example.org,Gold,DE,2026-09-14T13:47:04Z
C0066,Liam Weber,liam.weber66.work@example.org,Gold,IN,2026-09-03T16:05:27Z
C0035,Farah Patel,farah.patel35.work@example.org,Silver,IN,2026-09-25T15:49:28Z
C0034,Felix Khan,felix.khan34.work@example.org,Silver,DE,2026-09-08T04:52:21Z
C0019,Aarav Wilson,aarav.wilson19@example.com,Bronze,US,2026-06-18T05:28:29Z
C0130,Harry Wilson,harry.wilson130@example.com,Platinum,IN,
C0021,Aisha Walker,aisha.walker21@example.com,Silver,IN,2026-03-28T20:10:05Z
C0068,Jonas Mueller,jonas.mueller68@example.com,Bronze,IN,2026-09-13T13:31:13Z
C0127,George Smith,george.smith127@example.com,Silver,DE,2026-08-30T09:11:33Z
C0092,Hannah Johnson,hannah.johnson92@example.com,Platinum,US,
C0108,Freya Reddy,freya.reddy108@example.com,Silver,GB,2026-09-10T18:34:19Z
C0089,Lukas Johnson,lukas.johnson89@example.com,Bronze,US,2026-06-15T10:03:13Z
C0092,Hannah Johnson,hannah.johnson92@example.com,Bronze,US,2026-04-08T10:21:52Z
C0056,Emma Chua,emma.chua56@example.com,Gold,IN,2026-07-22T14:32:43Z
C0115,Meera Walker,meera.walker115@example.com,Bronze,IN,2026-03-08T09:25:04Z
C0048,Sofia Tan,sofia.tan48@example.com,Bronze,US,2026-08-28T21:00:54Z
C0076,Zara Wilson,zara.wilson76@example.com,Silver,IN,2026-04-16T11:25:20Z
C0039,Kabir Johnson,kabir.johnson39@example.com,Gold,DE,2026-09-08T22:58:03Z
C0032,Ethan Mehta,ethan.mehta32@example.com,Bronze,IN,2026-03-28T15:26:32Z
C0096,Aarav Weber,aarav.weber96.work@example.org,Bronze,GB,2026-08-26T23:38:47Z
C0086,Liam Ali,liam.ali86@example.com,Silver,IN,2026-08-27T20:33:53Z
C0044,Jonas Ng,jonas.ng44@example.com,Bronze,SG,2026-08-14T22:54:11Z
C0081,Vikram Gupta,vikram.gupta81@example.com,Bronze,DE,2026-06-30T17:38:20Z
C0065,Noah Gupta,noah.gupta65@example.com,Silver,US,2026-06-23T07:01:22Z
C0105,Hannah Lee,hannah.lee105@example.com,Gold,GB,2026-08-05T03:13:44Z
C0055,Priya Singh,priya.singh55@example.com,Silver,GB,2026-04-12T16:32:01Z
C0004,Zara Tan,zara.tan4.work@example.org,Gold,IN,2026-09-13T13:47:04Z
C0095,Vikram Reddy,vikram.reddy95@example.com,Gold,IN,2026-09-05T03:21:39Z
C0076,Zara Wilson,zara.wilson76@example.com,Gold,IN,2026-09-04T10:22:32Z
C0080,Jonas Gupta,jonas.gupta80@example.com,Bronze,US,2026-04-26T00:39:31Z
C0111,Rohan Ng,rohan.ng111@example.com,Platinum,US,2026-09-10T03:31:07Z
C0026,Olivia Nair,olivia.nair26@example.com,Bronze,IN,2026-02-03T19:45:20Z
C0030,Mason Lim,mason.lim30@example.com,Bronze,SG,2026-07-13T06:44:51Z
C0097,Li Lee,li.lee97@example.com,Silver,IN,2026-08-16T01:46:41Z
C0117,Farah Mueller,farah.mueller117@example.com,Bronze,SG,2026-05-30T04:30:32Z
C0001,Kai Iyer,kai.iyer1@example.com,Silver,IN,2026-09-01T18:09:50Z
C0121,Lena Johnson,lena.johnson121@example.com,Silver,DE,2026-01-16T05:54:39Z
C0071,Vikram Mehta,vikram.mehta71@example.com,Silver,US,2026-05-24T20:12:43Z
C0033,Lukas Davis,lukas.davis33@example.com,Gold,US,2026-02-15T22:36:40Z
C0127,George Smith,george.smith127@example.com,Bronze,DE,2026-02-25T23:56:34Z
C0038,Wei Iyer,wei.iyer38@example.com,Bronze,US,2026-03-22T00:45:21Z
C0117,Farah Mueller,farah.mueller117.work@example.org,Bronze,SG,2026-09-26T05:01:25Z
C0043,Mason Bose,mason.bose43@example.com,Gold,DE,2026-01-31T11:35:36Z
C0071,Vikram Mehta,vikram.mehta71@example.com,Silver,US,2026-05-24T20:12:43Z
C0098,Aisha Walker,aisha.walker98@example.com,Gold,IN,2026-08-11T15:31:50Z
C0078,Arjun Davis,arjun.davis78@example.com,Bronze,GB,2026-04-19T06:05:00Z
C0054,Vikram Lim,vikram.lim54@example.com,Gold,DE,2026-02-08T03:33:48Z
C0020,Jonas Bose,jonas.bose20@example.com,Bronze,DE,2026-09-24T22:16:08Z
C0086,Liam Ali,liam.ali86@example.com,Bronze,IN,2026-05-28T21:08:51Z
C0009,Liam Wilson,liam.wilson9@example.com,Gold,DE,2026-09-10T19:10:44Z
C0010,Noah Mueller,noah.mueller10@example.com,Gold,DE,2026-02-03T13:22:57Z
C0093,Kai Walker,kai.walker93@example.com,Silver,GB,2026-09-21T05:48:05Z
C0079,Meera Kapoor,meera.kapoor79@example.com,Bronze,IN,2026-09-02T16:47:35Z
C0014,Hannah Weber,hannah.weber14@example.com,Bronze,IN,2026-07-25T15:21:09Z
C0110,Arjun Walker,arjun.walker110@example.com,Gold,DE,2026-01-22T22:47:04Z
C0091,Arjun Reddy,arjun.reddy91@example.com,Bronze,GB,2026-03-15T08:29:25Z
C0074,Oliver Gupta,oliver.gupta74@example.com,Silver,IN,2026-06-18T21:18:53Z
C0028,Ananya Singh,ananya.singh28@example.com,Silver,GB,2026-09-23T15:56:44Z
C0060,Lena Walker,lena.walker60@example.com,Gold,US,2026-09-20T23:44:27Z
C0040,Jonas Walker,jonas.walker40@example.com,Silver,GB,2026-04-30T09:47:28Z
C0042,Diya Fischer,diya.fischer42@example.com,Silver,IN,2026-09-22T21:59:41Z
C0017,Zara Lee,zara.lee17@example.com,Platinum,GB,2026-09-22T09:26:15Z
C0113,Aarav Smith,aarav.smith113@example.com,Bronze,IN,2026-01-23T08:48:45Z
C0101,Isla Patel,isla.patel101@example.com,Silver,DE,2026-05-31T07:49:09Z
C0024,Mei Fischer,mei.fischer24@example.com,Platinum,IN,2026-07-04T02:59:29Z
C0125,Diya Bose,diya.bose125@example.com,Silver,DE,2026-01-08T02:30:44Z
C0111,Rohan Ng,rohan.ng111@example.com,Gold,US,2026-04-19T02:46:37Z
C0059,Sophia Brown,sophia.brown59@example.com,Bronze,GB,2026-02-03T10:18:57Z
C0123,Mei Bose,mei.bose123@example.com,Bronze,US,2026-03-15T22:21:56Z
C0042,Diya Fischer,diya.fischer42@example.com,Bronze,IN,2026-08-09T10:43:43Z
C0084,Lucas Smith,lucas.smith84@example.com,Bronze,SG,2026-05-01T08:12:55Z
C0005,Sophia Singh,sophia.singh5@example.com,Silver,GB,2026-02-19T05:59:13Z
C0031,Jun Weber,jun.weber31@example.com,Gold,US,2026-01-11T08:14:20Z
C0110,Arjun Walker,arjun.walker110@example.com,Gold,US,2026-08-30T01:07:17Z
C0085,Lukas Mehta,lukas.mehta85@example.com,Bronze,IN,2026-06-03T20:19:48Z
C0001,Kai Iyer,kai.iyer1@example.com,Bronze,IN,2026-07-22T02:57:34Z
C0013,Meera Patel,meera.patel13@example.com,Silver,IN,2026-07-09T04:59:14Z
C0050,Priya Ng,priya.ng50@example.com,Bronze,US,2026-07-02T19:25:21Z
C0079,Meera Kapoor,meera.kapoor79@example.com,Bronze,SG,2026-06-28T13:29:16Z
C0028,Ananya Singh,ananya.singh28@example.com,Silver,US,2026-02-20T16:34:34Z
C0066,Liam Weber,liam.weber66@example.com,Gold,IN,2026-06-07T00:18:53Z
C0008,Vikram Walker,vikram.walker8@example.com,Bronze,DE,2026-01-06T06:38:56Z
C0049,Li Iyer,li.iyer49@example.com,Silver,GB,2026-01-18T09:40:08Z
C0122,Aarav Nair,aarav.nair122@example.com,Bronze,US,2026-07-18T14:14:35Z
C0106,Sophia Davis,sophia.davis106@example.com,Platinum,US,2026-07-11T23:53:53Z
C0093,Kai Walker,kai.walker93@example.com,Silver,IN,2026-03-28T07:24:27Z
C0004,Zara Tan,zara.tan4@example.com,Gold,IN,2026-08-18T22:00:24Z
C0067,Lucas Schmidt,lucas.schmidt67@example.com,Silver,GB,2026-02-16T19:04:05Z
C0096,Aarav Weber,aarav.weber96.work@example.org,Bronze,IN,2026-09-17T13:56:23Z
C0003,Jonas Schmidt,jonas.schmidt3@example.com,Bronze,IN,2026-05-13T19:51:49Z
C0062,Oliver Johnson,oliver.johnson62@example.com,Silver,IN,2026-03-04T03:05:30Z
C0022,Oliver Khan,oliver.khan22@example.com,Silver,US,2026-02-18T02:24:25Z
C0024,Mei Fischer,mei.fischer24@example.com,Platinum,DE,2026-09-25T10:33:14Z
C0053,Zara Wilson,zara.wilson53@example.com,Silver,IN,2026-09-19T09:07:58Z
C0011,Wei Das,wei.das11@example.com,Bronze,US,2026-06-21T02:49:18Z
C0036,Emma Das,emma.das36@example.com,Bronze,US,2026-08-18T08:30:58Z
C0053,Zara Wilson,zara.wilson53@example.com,Bronze,IN,2026-04-23T01:48:47Z
C0063,Rohan Davis,rohan.davis63@example.com,Silver,SG,2026-04-22T17:23:05Z
C0094,Felix Mehta,felix.mehta94@example.com,Bronze,GB,2026-06-11T08:30:39Z
C0015,Diya Kapoor,diya.kapoor15@example.com,Silver,IN,2026-02-25T21:24:23Z
C0100,Ava Brown,ava.brown100@example.com,Bronze,DE,2026-04-21T22:00:41Z
C0072,Olivia Singh,olivia.singh72.work@example.org,Bronze,GB,2026-09-22T13:03:27Z
C0108,Freya Reddy,freya.reddy108@example.com,Silver,IN,2026-01-17T18:56:17Z
C0058,Lena Weber,lena.weber58@example.com,Silver,US,2026-04-01T19:08:46Z
C0126,Olivia Ali,olivia.ali126@example.com,Gold,IN,2026-08-10T15:00:34Z
C0090,Wei Ali,wei.ali90@example.com,Bronze,IN,2026-01-19T23:29:50Z
C0035,Farah Patel,farah.patel35@example.com,Silver,IN,2026-02-22T21:16:36Z
C0076,Zara Wilson,zara.wilson76@example.com,Platinum,IN,
C0027,Li Mehta,li.mehta27@example.com,Platinum,IN,2026-06-09T21:01:00Z
C0116,Mia Lim,mia.lim116@example.com,Silver,US,2026-07-15T08:41:41Z
C0077,Ananya Lim,ananya.lim77@example.com,Bronze,IN,2026-02-27T15:25:36Z
C0034,Felix Khan,felix.khan34@example.com,Silver,DE,2026-03-18T20:06:28Z
C0075,Farah Chua,farah.chua75@example.com,Platinum,US,2026-06-18T05:47:48Z
C0082,Isla Sharma,isla.sharma82@example.com,Platinum,GB,2026-08-11T12:11:41Z
C0083,Mia Patel,mia.patel83@example.com,Bronze,SG,2026-02-10T23:58:44Z
C0107,Priya Schmidt,priya.schmidt107@example.com,Gold,US,2026-06-09T04:46:16Z
C0045,Rohan Weber,rohan.weber45@example.com,Silver,IN,2026-08-11T15:59:43Z
C0058,Lena Weber,lena.weber58.work@example.org,Silver,US,2026-09-16T11:25:51Z
C0009,Liam Wilson,liam.wilson9@example.com,Gold,US,2026-07-29T12:23:54Z
C0120,Arjun Iyer,arjun.iyer120@example.com,Silver,IN,2026-04-16T17:41:01Z
C0061,Vikram Taylor,vikram.taylor61.work@example.org,Silver,IN,2026-08-27T19:28:33Z
C0095,Vikram Reddy,vikram.reddy95@example.com,Silver,IN,2026-04-08T12:13:11Z
C0036,Emma Das,emma.das36@example.com,Silver,US,2026-09-19T16:23:37Z
C0097,Li Lee,li.lee97.work@example.org,Silver,IN,2026-09-18T22:08:54Z
C0087,Olivia Davis,olivia.davis87@example.com,Platinum,US,2026-06-18T01:39:17Z
C0029,Mia Wilson,mia.wilson29@example.com,Gold,IN,2026-05-02T08:46:32Z
C0130,Harry Wilson,harry.wilson130@example.com,Bronze,IN,2026-07-07T13:38:54Z
C0072,Olivia Singh,olivia.singh72.work@example.org,Bronze,GB,2026-09-22T13:03:27Z
C0057,George Fischer,george.fischer57.work@example.org,Bronze,US,2026-09-20T19:39:43Z
C0061,Vikram Taylor,vikram.taylor61@example.com,Silver,IN,2026-02-11T13:02:31Z
C0026,Olivia Nair,olivia.nair26@example.com,Silver,IN,2026-09-07T14:22:17Z
C0016,Isla Mueller,isla.mueller16@example.com,Silver,US,2026-06-08T07:41:09Z
C0006,Zara Mueller,zara.mueller6@example.com,Gold,US,2026-09-08T11:57:54Z
C0118,Liam Ng,liam.ng118@example.com,Bronze,GB,2026-05-19T18:37:00Z
C0073,Kabir Mueller,kabir.mueller73@example.com,Bronze,US,2026-03-09T07:17:40Z
C0015,Diya Kapoor,diya.kapoor15.work@example.org,Silver,SG,2026-09-14T13:42:07Z
C0014,Hannah Weber,hannah.weber14.work@example.org,Bronze,IN,2026-09-24T20:54:23Z
C0029,Mia Wilson,mia.wilson29@example.com,Gold,IN,2026-05-02T08:46:32Z
C0017,Zara Lee,zara.lee17@example.com,Gold,GB,2026-04-20T11:20:55Z
C0112,Olivia Nair,olivia.nair112@example.com,Silver,IN,2026-01-23T17:40:27Z
C0015,Diya Kapoor,diya.kapoor15@example.com,Silver,SG,2026-09-13T13:42:07Z
C0053,Zara Wilson,zara.wilson53@example.com,Silver,DE,2026-09-24T05:14:00Z
C0130,Harry Wilson,harry.wilson130@example.com,Silver,IN,2026-09-12T14:44:18Z
C0070,Ethan Chua,ethan.chua70@example.com,Silver,IN,2026-09-12T03:31:12Z
C0039,Kabir Johnson,kabir.johnson39@example.com,Silver,DE,2026-01-07T18:50:10Z
C0127,George Smith,george.smith127@example.com,Platinum,DE,
C0109,Lukas Chua,lukas.chua109@example.com,Gold,IN,2026-03-09T09:06:11Z
C0020,Jonas Bose,jonas.bose20@example.com,Bronze,IN,2026-03-21T23:32:44Z
C0012,Harry Lim,harry.lim12@example.com,Gold,IN,2026-06-04T00:07:02Z
C0037,Jun Fischer,jun.fischer37@example.com,Silver,US,2026-05-27T10:19:43Z
C0007,Emma Weber,emma.weber7@example.com,Bronze,IN,2026-03-02T20:31:46Z
C0111,Rohan Ng,rohan.ng111@example.com,Gold,US,2026-09-21T16:25:38Z
C0023,Lena Sharma,lena.sharma23.work@example.org,Silver,IN,2026-09-24T06:47:21Z
C0052,Sophia Reddy,sophia.reddy52@example.com,Silver,IN,2026-05-08T21:52:50Z
C0068,Jonas Mueller,jonas.mueller68@example.com,Bronze,GB,2026-08-08T01:06:16Z
C0099,Mei Smith,mei.smith99@example.com,Bronze,DE,2026-01-26T21:20:26Z
C0023,Lena Sharma,lena.sharma23@example.com,Bronze,IN,2026-05-20T10:07:53Z
C0052,Sophia Reddy,sophia.reddy52@example.com,Gold,IN,2026-08-31T12:12:48Z
