rate_date,currency,rate_to_usd
2026-09-01,INR,0.011845
2026-09-01,GBP,1.311308
2026-09-01,EUR,1.120445
2026-09-01,SGD,0.781689
2026-09-02,INR,0.011750
2026-09-02,GBP,1.311191
2026-09-02,EUR,1.116998
2026-09-02,SGD,0.778770
2026-09-03,INR,0.011810
2026-09-03,GBP,1.313123
2026-09-03,EUR,1.120363
2026-09-03,SGD,0.778767
2026-09-04,INR,0.011845
2026-09-04,GBP,1.309214
2026-09-04,EUR,1.121207
2026-09-04,SGD,0.778863
2026-09-08,INR,0.011862
2026-09-08,GBP,1.307352
2026-09-08,EUR,1.120035
2026-09-08,SGD,0.778698
2026-09-09,INR,0.011837
2026-09-09,GBP,1.309835
2026-09-09,EUR,1.122918
2026-09-09,SGD,0.775780
2026-09-10,INR,0.011916
2026-09-10,GBP,1.306457
2026-09-10,EUR,1.122933
2026-09-10,SGD,0.776014
2026-09-11,INR,0.011896
2026-09-11,GBP,1.317335
2026-09-11,EUR,1.119179
2026-09-11,SGD,0.775827
2026-09-14,INR,0.011916
2026-09-14,GBP,1.323919
2026-09-14,EUR,1.117417
2026-09-14,SGD,0.775586
2026-09-15,INR,0.011912
2026-09-15,GBP,1.327602
2026-09-15,EUR,1.113959
2026-09-15,SGD,0.774752
2026-09-16,INR,0.011927
2026-09-16,GBP,1.329605
2026-09-16,EUR,1.116894
2026-09-16,SGD,0.775182
2026-09-17,INR,0.011869
2026-09-17,GBP,1.329848
2026-09-17,EUR,1.114586
2026-09-17,SGD,0.774861
2026-09-18,INR,0.011905
2026-09-18,GBP,1.330125
2026-09-18,EUR,1.114312
2026-09-18,SGD,0.773037
2026-09-21,INR,0.011896
2026-09-21,GBP,1.339871
2026-09-21,EUR,1.116914
2026-09-21,SGD,0.773810
2026-09-22,INR,0.011874
2026-09-22,GBP,1.337815
2026-09-22,EUR,1.119828
2026-09-22,SGD,0.770674
2026-09-23,INR,0.011849
2026-09-23,GBP,1.342953
2026-09-23,EUR,1.123391
2026-09-23,SGD,0.769799
2026-09-24,INR,0.011832
2026-09-24,GBP,1.348806
2026-09-24,EUR,1.124340
2026-09-24,SGD,0.769200
2026-09-25,INR,0.011855
2026-09-25,GBP,1.349403
2026-09-25,EUR,1.123910
2026-09-25,SGD,0.771174
2026-09-28,INR,0.011851
2026-09-28,GBP,1.348393
2026-09-28,EUR,1.126217
2026-09-28,SGD,0.767152
2026-09-29,INR,0.011883
2026-09-29,GBP,1.349992
2026-09-29,EUR,1.127123
2026-09-29,SGD,0.767202
2026-09-30,INR,0.011907
2026-09-30,GBP,1.360347
2026-09-30,EUR,1.125631
2026-09-30,SGD,0.765492
